{
    "materials":[{
        "opacity":1,
        "DbgName":"Material",
        "transparent":false,
        "DbgColor":15658734,
        "depthTest":true,
        "mapDiffuseRepeat":[1,1],
        "mapDiffuseWrap":["repeat","repeat"],
        "blending":1,
        "visible":true,
        "mapDiffuse":"plaster-wall.png",
        "shading":"lambert",
        "DbgIndex":0,
        "wireframe":false,
        "mapDiffuseAnisotropy":1,
        "depthWrite":true,
        "doubleSided":false,
        "colorEmissive":[0,0,0],
        "colorDiffuse":[0.8,0.8,0.8]
    }],
    "faces":[43,0,1,2,3,0,0,1,2,3,0,0,0,0,43,4,7,6,5,0,4,5,6,7,1,1,1,1,43,0,4,5,1,0,8,9,10,11,2,2,2,2,43,1,5,6,2,0,12,13,14,15,3,3,3,3,43,2,6,7,3,0,16,17,18,19,4,4,4,4,43,4,0,3,7,0,20,21,22,23,5,5,5,5],
    "vertices":[0.05,0.5,0,0.05,-0.5,0,-0.05,-0.5,0,-0.05,0.5,0,0.05,0.5,2,0.05,-0.500001,2,-0.05,-0.5,2,-0.05,0.5,2],
    "uvs":[[0.995833,0.504902,0.995833,0.995098,0.954167,0.995098,0.954167,0.504902,0.954167,0.00490222,0.995833,0.00490196,0.995833,0.495098,0.954167,0.495098,0.845833,0.00490196,0.845833,0.985294,0.429167,0.985294,0.429167,0.00490205,0.895833,0.00490195,0.895833,0.985294,0.854167,0.985293,0.854167,0.00490195,0.420833,0.00490189,0.420833,0.985294,0.00416699,0.985294,0.0041666,0.00490212,0.904167,0.985294,0.904167,0.00490195,0.945833,0.00490195,0.945833,0.985294]],
    "metadata":{
        "normals":6,
        "version":3,
        "faces":6,
        "generator":"io_three",
        "materials":1,
        "vertices":8,
        "uvs":1,
        "type":"Geometry"
    },
    "normals":[0,0,-1,0,-0,1,1,-2.79397e-08,-9.3133e-10,-5.66244e-06,-1,-1.04308e-07,-1,2.98023e-08,8.88179e-16,4.76837e-06,1,2.08616e-07]
}